{
  "theDefault:PlaceholderRelic": {
    "NAME": "Placeholder Energy Relic",
    "FLAVOR": "The snake is a friend.",
    "DESCRIPTIONS": [
      "Gain #b1 [E] ."
    ]
  },
  "theDefault:PlaceholderRelic2": {
    "NAME": "Placeholder Relic 2",
    "FLAVOR": "You feel stronger.",
    "DESCRIPTIONS": [
      "At the start of each combat, gain #b1 #yStrength."
    ]
  },
  "theDefault:DefaultClickableRelic": {
    "NAME": "Right-Clicky Relic",
    "FLAVOR": "The more you right-click it, the more orbs you've evoked in your lifetime.",
    "DESCRIPTIONS": [
      "[#2aecd7]Usable [#2aecd7]once [#2aecd7]per [#2aecd7]turn.[] NL #yEvoke your rightmost Orb.",
      "YOU ARE MINE!"
    ]
  },
  "theDefault:BottledPlaceholderRelic": {
    "NAME": "Bottled Placeholder",
    "FLAVOR": "What is this?",
    "DESCRIPTIONS": [
      "Choose a card. Whenever you take play any card, draw the chosen card.",
      "Whenever you play a card, draw ",
      ".",
      "Select a card to bottle for "
    ]
  }
}